id,name,email,phone
1,Barty Vass,bvass0@hibu.com,+62 436 439 4164
2,Linet Quiddihy,lquiddihy1@ibm.com,+385 444 461 7031
3,Maddy Tedahl,mtedahl2@paypal.com,+62 394 115 9101
4,Keith Habert,khabert3@cbc.ca,+51 439 716 0086
5,Matthias Coye,mcoye4@seesaa.net,+249 781 594 1452
6,Martyn Egell,megell5@ycombinator.com,+86 715 695 3859
7,Janith Schankel,jschankel6@spotify.com,+63 620 391 0892
8,Dorie Toun,dtoun7@baidu.com,+86 443 187 0017
9,Vinson Bayle,vbayle8@seattletimes.com,+86 794 232 9878
10,Korney Pridham,kpridham9@cyberchimps.com,+86 674 102 2761
11,Aaron Allery,aallerya@independent.co.uk,+86 149 896 2023
12,Leodora McIlmorow,lmcilmorowb@yolasite.com,+1 865 775 6762
13,Adriaens Habron,ahabronc@mysql.com,+258 916 338 4473
14,Vaughn Elliott,velliottd@yelp.com,+7 638 506 7522
15,Dolly Waugh,dwaughe@scientificamerican.com,+48 290 815 3381
16,Elspeth Pennrington,epennringtonf@microsoft.com,+86 773 681 7647
17,Judon McGarel,jmcgarelg@4shared.com,+52 847 631 7048
18,Willie Bamlett,wbamletth@bravesites.com,+30 670 593 0695
19,Addy Sauniere,asaunierei@hao123.com,+234 672 640 1327
20,Barbara Aberchirder,baberchirderj@issuu.com,+506 368 987 1896
21,Cleavland McGuinley,cmcguinleyk@senate.gov,+93 396 178 6576
22,Cassondra Acedo,cacedol@economist.com,+86 851 680 0059
23,Kalindi Yatman,kyatmanm@ocn.ne.jp,+62 429 160 0506
24,Cristobal Fulker,cfulkern@jalbum.net,+86 550 940 4804
25,Adelice Devorill,adevorillo@hhs.gov,+47 533 869 0158
26,Ulysses Densham,udenshamp@barnesandnoble.com,+55 198 889 1510
27,Antonietta Norton,anortonq@drupal.org,+62 999 807 9654
28,Raleigh Thornton,rthorntonr@google.ru,+7 169 703 5216
29,Morgun Raithmill,mraithmills@ask.com,+54 222 198 7915
30,Natty Plaskett,nplaskettt@telegraph.co.uk,+351 727 642 7848
31,Adler Bronot,abronotu@infoseek.co.jp,+33 226 818 3805
32,Hilly Ciani,hcianiv@upenn.edu,+7 367 246 6218
33,Hinze Florentine,hflorentinew@blogspot.com,+62 197 751 4446
34,Ursulina Badder,ubadderx@oakley.com,+33 249 386 8300
35,Bentley Sutherington,bsutheringtony@cbslocal.com,+48 743 939 4504
36,Nellie Cissell,ncissellz@archive.org,+7 357 595 0698
37,Jewelle Goldis,jgoldis10@google.co.uk,+62 766 285 1769
38,Marillin Jenkerson,mjenkerson11@trellian.com,+351 839 705 5280
39,Elsinore Dryden,edryden12@chicagotribune.com,+267 927 608 2102
40,Lillian Lawlan,llawlan13@netlog.com,+86 908 850 3225
41,Jeri Bebbington,jbebbington14@paypal.com,+54 847 171 5155
42,Blondell Gorini,bgorini15@theatlantic.com,+63 732 398 4798
43,Jaquith Shucksmith,jshucksmith16@nps.gov,+223 727 585 1096
44,Junette Pordall,jpordall17@statcounter.com,+374 512 153 9585
45,Leandra Royall,lroyall18@amazon.co.uk,+1 954 559 0155
46,Gardner Ciubutaro,gciubutaro19@altervista.org,+46 159 355 6368
47,Eba Fetherstonhaugh,efetherstonhaugh1a@hao123.com,+86 827 956 9878
48,Lucio Lawleff,llawleff1b@princeton.edu,+234 895 731 8441
49,Skyler Petkovic,spetkovic1c@scribd.com,+55 793 601 1193
50,Nessy Espie,nespie1d@eventbrite.com,+86 465 448 7222
51,Jehanna Warrack,jwarrack1e@google.de,+678 662 582 0546
52,Lezley Olland,lolland1f@tuttocitta.it,+7 177 893 1471
53,Gusta Witts,gwitts1g@phoca.cz,+86 235 611 1771
54,Byrom Durgan,bdurgan1h@nydailynews.com,+62 191 585 6235
55,Juieta Matthews,jmatthews1i@live.com,+63 107 680 3910
56,Pegeen Toderi,ptoderi1j@state.tx.us,+389 620 587 2119
57,Ernest Ellerington,eellerington1k@economist.com,+7 210 496 3298
58,Iggie Quarless,iquarless1l@dion.ne.jp,+30 738 436 7291
59,Benedikta Kendrew,bkendrew1m@yellowbook.com,+86 182 430 0468
60,Clare Conan,cconan1n@yandex.ru,+48 824 266 2949
61,Cinnamon Neller,cneller1o@liveinternet.ru,+62 490 779 3826
62,Ursuline Coale,ucoale1p@google.nl,+967 591 901 2942
63,Arvie Whild,awhild1q@woothemes.com,+62 363 400 2355
64,Juliann Coey,jcoey1r@paginegialle.it,+380 924 447 7859
65,Frances Gilogly,fgilogly1s@wikia.com,+351 492 867 9379
66,Sharity Levett,slevett1t@blogger.com,+351 137 889 0377
67,Reed Berlin,rberlin1u@multiply.com,+46 758 248 1093
68,Timmie Riepel,triepel1v@earthlink.net,+62 666 698 4190
69,Bee Borgnet,bborgnet1w@spiegel.de,+855 470 661 2249
70,Rees Lowth,rlowth1x@vimeo.com,+423 680 321 2581
71,Vicki Bellchamber,vbellchamber1y@vk.com,+967 770 468 5328
72,Joelie Norker,jnorker1z@disqus.com,+993 276 685 8286
73,Meagan Tailby,mtailby20@acquirethisname.com,+55 901 168 5431
74,Rafaelia Ferrotti,rferrotti21@gravatar.com,+357 839 857 8026
75,Merrie Binne,mbinne22@1688.com,+86 214 689 8609
76,Mylo Chilcotte,mchilcotte23@berkeley.edu,+358 602 749 5131
77,Durante Scorer,dscorer24@typepad.com,+86 251 639 3297
78,Myra Bister,mbister25@skyrock.com,+86 539 376 4467
79,Olenolin Orrill,oorrill26@mapquest.com,+7 998 637 8295
80,Robinson Milhench,rmilhench27@jimdo.com,+48 319 210 6057
81,Woody Palphreyman,wpalphreyman28@cbsnews.com,+230 751 251 3119
82,Constantino Durrance,cdurrance29@g.co,+84 121 349 0375
83,Merrile Dilger,mdilger2a@harvard.edu,+86 639 824 0936
84,Eleni Navaro,enavaro2b@census.gov,+7 396 859 7006
85,Noami Sim,nsim2c@so-net.ne.jp,+1 260 518 3974
86,Ediva Florez,eflorez2d@chronoengine.com,+62 534 360 2955
87,Tanner Treadwell,ttreadwell2e@nymag.com,+86 829 333 2707
88,Zane McCallam,zmccallam2f@narod.ru,+86 645 572 4826
89,Sallyann MacWhirter,smacwhirter2g@qq.com,+64 516 423 9737
90,Spencer Jennery,sjennery2h@dion.ne.jp,+255 444 565 4016
91,Nessi Christauffour,nchristauffour2i@pcworld.com,+57 110 648 7397
92,Georgy Spearman,gspearman2j@tinyurl.com,+48 148 179 2976
93,Silva Medling,smedling2k@nps.gov,+62 410 930 7609
94,Grant Smithin,gsmithin2l@github.com,+1 608 649 6089
95,Mureil McComish,mmccomish2m@upenn.edu,+359 141 394 8111
96,Camila Cobon,ccobon2n@people.com.cn,+98 702 176 9596
97,Shawn Zannetti,szannetti2o@jimdo.com,+7 193 824 6451
98,Dorothea Baden,dbaden2p@hubpages.com,+7 631 250 2596
99,Lorrie Gove,lgove2q@myspace.com,+52 123 732 2195
100,Ulick Dovington,udovington2r@ft.com,+54 157 360 8265
101,Shawn Jaray,sjaray2s@skyrock.com,+86 567 617 3849
102,Bink Utton,button2t@storify.com,+387 187 250 0549
103,Bond Wessing,bwessing2u@bigcartel.com,+7 505 456 9318
104,Crawford Ravenscroft,cravenscroft2v@mtv.com,+93 354 909 9692
105,Teriann Vail,tvail2w@sphinn.com,+93 292 173 5375
106,Bobbi Burnes,bburnes2x@aol.com,+86 431 225 0278
107,Perry Dargie,pdargie2y@springer.com,+967 678 352 4181
108,Corbett Insall,cinsall2z@businesswire.com,+86 336 831 5009
109,Dulsea Girogetti,dgirogetti30@tiny.cc,+81 986 315 7274
110,Andriana Batteson,abatteson31@google.it,+60 627 930 1782
111,Ric Snalham,rsnalham32@google.com,+7 782 540 2532
112,Jordain Skillitt,jskillitt33@thetimes.co.uk,+7 160 234 0124
113,Amery Bemand,abemand34@gnu.org,+86 561 986 5762
114,Cletis Eades,ceades35@theglobeandmail.com,+7 630 115 6582
115,Emeline Gregson,egregson36@engadget.com,+7 324 243 0268
116,Leela Cancellieri,lcancellieri37@nsw.gov.au,+676 346 566 0128
117,Petra Duckwith,pduckwith38@ted.com,+60 356 559 6695
118,Leyla Benedit,lbenedit39@paginegialle.it,+380 160 607 6726
119,Jenni Faughey,jfaughey3a@google.com.au,+376 757 838 3531
120,Tomasina Shevlan,tshevlan3b@google.nl,+62 370 781 0874
121,Shannan Benian,sbenian3c@webs.com,+385 399 381 6328
122,Austin Hurlestone,ahurlestone3d@java.com,+86 847 908 7519
123,Calv Birckmann,cbirckmann3e@imdb.com,+86 865 437 8538
124,Dari Bunn,dbunn3f@pbs.org,+46 905 312 1518
125,Freddie Wildor,fwildor3g@yahoo.com,+52 734 508 3633
126,Natty Ruselin,nruselin3h@stanford.edu,+27 495 440 2276
127,Fredi Gravie,fgravie3i@patch.com,+237 543 701 7791
128,Kendra Duberry,kduberry3j@taobao.com,+7 493 389 8637
129,Gui Rosina,grosina3k@howstuffworks.com,+7 877 351 3493
130,Elinore Dearnaley,edearnaley3l@bigcartel.com,+44 123 541 6075
131,Ford Vassman,fvassman3m@forbes.com,+86 797 560 9412
132,Ilyssa Edson,iedson3n@paypal.com,+63 472 743 9395
133,Kipp Coakley,kcoakley3o@vistaprint.com,+970 574 742 9534
134,Sam Greggor,sgreggor3p@about.me,+351 666 814 4766
135,Jackelyn Bardwell,jbardwell3q@globo.com,+48 677 532 7478
136,Devy Plumb,dplumb3r@cargocollective.com,+62 753 526 8477
137,Pierson Michell,pmichell3s@soup.io,+62 489 845 7403
138,Bobbee Ambrodi,bambrodi3t@illinois.edu,+86 808 722 9402
139,Jenni Landrieu,jlandrieu3u@studiopress.com,+47 573 505 9388
140,Ronny Sutter,rsutter3v@mediafire.com,+212 323 287 8267
141,Johnathan Massimo,jmassimo3w@goodreads.com,+86 662 910 0974
142,Flint Waterworth,fwaterworth3x@dagondesign.com,+670 612 672 8415
143,Alexis Jeves,ajeves3y@columbia.edu,+86 698 486 2766
144,Sutherlan Stronack,sstronack3z@addthis.com,+420 243 797 1871
145,Brynn Truluck,btruluck40@uiuc.edu,+961 473 973 2844
146,Norbie Cromblehome,ncromblehome41@tiny.cc,+255 405 825 5417
147,Cairistiona Luto,cluto42@jalbum.net,+351 493 759 7476
148,Jolyn Summerlie,jsummerlie43@sphinn.com,+62 431 152 6024
149,Gwenora Ayshford,gayshford44@symantec.com,+53 432 998 5364
150,Dedie Finessy,dfinessy45@dedecms.com,+63 673 776 5903
151,Philomena Hurtic,phurtic46@geocities.com,+86 735 763 8177
152,Dyan Carlisi,dcarlisi47@vkontakte.ru,+86 636 383 6640
153,Frederique Hencke,fhencke48@vk.com,+86 302 527 2772
154,Norman Lambotin,nlambotin49@hud.gov,+1 122 201 5868
155,Cathe Cashman,ccashman4a@irs.gov,+351 806 770 0426
156,Aldous Kinze,akinze4b@nba.com,+1 506 528 2818
157,Edgar Bugdell,ebugdell4c@bbc.co.uk,+66 910 863 4829
158,Ody Muxworthy,omuxworthy4d@unc.edu,+967 990 532 7984
159,Melinda Kays,mkays4e@dell.com,+62 501 896 3724
160,Feliks Hodjetts,fhodjetts4f@google.es,+31 268 108 0846
161,Sayre Wilmott,swilmott4g@biglobe.ne.jp,+57 211 597 6290
162,Antin Mahoney,amahoney4h@studiopress.com,+86 539 654 5577
163,Joleen Lengthorn,jlengthorn4i@ca.gov,+62 786 796 3830
164,Harold Shallow,hshallow4j@blogspot.com,+375 942 882 8837
165,Marleah Tirkin,mtirkin4k@meetup.com,+389 926 838 8446
166,Jami Atto,jatto4l@slashdot.org,+381 453 845 4639
167,Gwynne Snoad,gsnoad4m@webs.com,+55 113 416 3036
168,Haleigh Parram,hparram4n@cmu.edu,+55 509 654 4419
169,Sasha Dorman,sdorman4o@seattletimes.com,+55 750 576 2180
170,Evin Meany,emeany4p@nydailynews.com,+382 653 526 4942
171,Griffie Givens,ggivens4q@businessweek.com,+82 958 685 0000
172,Maxwell Padfield,mpadfield4r@smugmug.com,+376 167 165 9418
173,Jamima Geard,jgeard4s@purevolume.com,+86 423 608 1341
174,Ernst Macci,emacci4t@nbcnews.com,+81 297 895 1049
175,Elden Forcer,eforcer4u@dropbox.com,+60 430 604 2522
176,Seline Latey,slatey4v@shareasale.com,+7 563 551 3719
177,Shayna Sweatman,ssweatman4w@newsvine.com,+86 805 494 2434
178,Larisa Lourenco,llourenco4x@mapquest.com,+381 149 868 3516
179,Darla Capstaff,dcapstaff4y@ow.ly,+351 211 938 2942
180,Gaspar Fee,gfee4z@cloudflare.com,+351 471 523 4258
181,Pierrette Storey,pstorey50@oakley.com,+86 398 430 9928
182,North Matschek,nmatschek51@dion.ne.jp,+86 283 339 5665
183,Michaelina Murdy,mmurdy52@vkontakte.ru,+66 111 238 2079
184,Ambrose Hugland,ahugland53@apple.com,+7 482 600 1871
185,Zacharias Bagshaw,zbagshaw54@163.com,+507 402 783 0255
186,Rollin Stiling,rstiling55@independent.co.uk,+62 867 944 5586
187,Sylvester Gergler,sgergler56@diigo.com,+54 556 370 2977
188,Olympia Larn,olarn57@google.cn,+86 568 654 8843
189,Heida Huskinson,hhuskinson58@list-manage.com,+359 430 735 1913
190,Trenton Twelve,ttwelve59@jigsy.com,+62 183 764 5148
191,Eugenie Arington,earington5a@techcrunch.com,+63 243 226 8369
192,Terencio Hacking,thacking5b@free.fr,+7 120 137 4231
193,Laurence Sweet,lsweet5c@drupal.org,+46 189 106 7879
194,Alain Jerrome,ajerrome5d@hao123.com,+7 370 144 2437
195,Vinnie Cheers,vcheers5e@statcounter.com,+62 606 352 9616
196,Abe Royans,aroyans5f@newsvine.com,+63 353 271 9068
197,Elfreda Poytress,epoytress5g@myspace.com,+86 973 615 8969
198,Andromache Shea,ashea5h@jiathis.com,+86 689 834 4242
199,Torrie Dutton,tdutton5i@washingtonpost.com,+86 210 219 2785
200,Beverie Arnley,barnley5j@google.co.uk,+420 996 966 2237
201,Erich Conrart,econrart5k@china.com.cn,+1 412 783 6791
202,Francois Mucklow,fmucklow5l@twitter.com,+598 184 592 9418
203,Hilda Studde,hstudde5m@illinois.edu,+34 637 701 9185
204,Barbette Higgoe,bhiggoe5n@narod.ru,+7 284 331 1267
205,Mellisent Tyzack,mtyzack5o@economist.com,+351 475 892 7476
206,Elyssa Cosgreave,ecosgreave5p@addthis.com,+86 352 591 1452
207,Athena Dalby,adalby5q@nba.com,+86 981 728 7551
208,Fraser Halso,fhalso5r@disqus.com,+54 763 690 3247
209,Glenda Seals,gseals5s@amazonaws.com,+92 806 682 4771
210,Minni Carnell,mcarnell5t@forbes.com,+86 579 821 4313
211,Flossi Brattell,fbrattell5u@sourceforge.net,+81 461 954 0531
212,Shawna Ovey,sovey5v@icq.com,+66 323 576 1336
213,Addison Dunhill,adunhill5w@slideshare.net,+86 683 251 0091
214,Jermayne Presshaugh,jpresshaugh5x@virginia.edu,+55 721 984 2528
215,Barbie Greydon,bgreydon5y@freewebs.com,+62 192 574 5833
216,Dinny Twiggs,dtwiggs5z@comsenz.com,+62 522 740 6636
217,Scottie Diaper,sdiaper60@chronoengine.com,+54 281 508 1635
218,Dorian Lingfoot,dlingfoot61@techcrunch.com,+380 839 538 3147
219,Katharine Von Helmholtz,kvon62@telegraph.co.uk,+66 382 532 5013
220,Kristian Leader,kleader63@topsy.com,+62 976 539 7067
221,Clement Juza,cjuza64@symantec.com,+63 326 390 3460
222,Brigitte Coronado,bcoronado65@google.ca,+54 763 718 2115
223,Cindra Smalecombe,csmalecombe66@yahoo.com,+7 943 964 2518
224,Dru Verne,dverne67@bing.com,+63 239 746 8174
225,Fredrick Studman,fstudman68@google.com.hk,+62 558 674 3942
226,Liane Moorrud,lmoorrud69@usa.gov,+20 886 637 5390
227,Judas Konerding,jkonerding6a@amazon.com,+976 139 231 6364
228,Jourdain Lyffe,jlyffe6b@comcast.net,+92 739 890 8644
229,Orland Brydie,obrydie6c@cdbaby.com,+86 720 189 1387
230,Georgianne Swalough,gswalough6d@fema.gov,+33 584 161 3374
231,Blondy McKechnie,bmckechnie6e@booking.com,+255 391 836 5046
232,Frederich Tregien,ftregien6f@bloglines.com,+351 727 570 1062
233,Joey Brede,jbrede6g@mozilla.org,+30 804 256 2609
234,Thibaut Foulkes,tfoulkes6h@blogspot.com,+595 398 829 6953
235,Viola Blaasch,vblaasch6i@sitemeter.com,+62 603 520 9465
236,Gabe Tamblyn,gtamblyn6j@e-recht24.de,+27 277 377 2470
237,Franzen Ginman,fginman6k@booking.com,+48 480 407 9144
238,Judie Lebourn,jlebourn6l@taobao.com,+46 700 263 6751
239,Papageno Pagin,ppagin6m@elpais.com,+51 757 481 9924
240,Martica Leathard,mleathard6n@va.gov,+62 212 715 9572
241,Omero Farrans,ofarrans6o@aboutads.info,+86 287 584 3963
242,Norrie Threadgill,nthreadgill6p@nytimes.com,+34 634 308 8620
243,Mina Beddoes,mbeddoes6q@dailymotion.com,+261 469 679 1844
244,Giustino Breston,gbreston6r@netvibes.com,+53 713 219 0697
245,Tiffie Bulch,tbulch6s@google.com.au,+351 963 338 9464
246,Gavan Rainford,grainford6t@homestead.com,+375 307 473 2047
247,Corby Gladtbach,cgladtbach6u@blogger.com,+49 480 911 7738
248,Manon Trengrove,mtrengrove6v@g.co,+86 551 604 3991
249,Emlyn Duckers,educkers6w@jugem.jp,+86 320 534 8791
250,Melisandra Duthy,mduthy6x@google.com.br,+86 390 549 9647
251,Inesita Kilsby,ikilsby6y@soup.io,+51 406 506 8658
252,Lorilee Jina,ljina6z@freewebs.com,+385 529 896 4668
253,Pryce Waterfall,pwaterfall70@europa.eu,+86 828 565 9183
254,Montgomery Spilsburie,mspilsburie71@eventbrite.com,+98 627 615 9922
255,Turner Neward,tneward72@slashdot.org,+1 999 777 9748
256,Rebekah Wolton,rwolton73@vinaora.com,+86 664 555 2031
257,Sigmund Ragat,sragat74@delicious.com,+63 361 131 8761
258,Gregorio Bruhke,gbruhke75@4shared.com,+82 173 630 8120
259,Dorris Quarton,dquarton76@google.ru,+261 806 534 6958
260,Laurene Boncore,lboncore77@hao123.com,+86 689 677 2503
261,Randi Davall,rdavall78@meetup.com,+55 688 744 4332
262,Loralyn Odda,lodda79@mashable.com,+1 310 542 1737
263,Guido Courtenay,gcourtenay7a@foxnews.com,+86 534 703 6325
264,Odelle Schusterl,oschusterl7b@people.com.cn,+86 196 862 5130
265,Ilario Inns,iinns7c@printfriendly.com,+1 817 147 6774
266,Pen MacConnal,pmacconnal7d@seattletimes.com,+86 438 434 5633
267,Gamaliel McErlaine,gmcerlaine7e@xrea.com,+1 961 878 8697
268,Tab Sommerville,tsommerville7f@msn.com,+225 995 875 6683
269,Holt Downer,hdowner7g@opera.com,+86 403 897 6523
270,Milton Goodby,mgoodby7h@chronoengine.com,+86 461 650 2250
271,Elisha Newbigging,enewbigging7i@imageshack.us,+34 418 896 9255
272,Nerissa Blann,nblann7j@arizona.edu,+55 288 941 3436
273,Drud Desorts,ddesorts7k@skyrock.com,+62 998 597 3171
274,Ofella Smissen,osmissen7l@mediafire.com,+232 397 200 7609
275,Agna Prophet,aprophet7m@ezinearticles.com,+57 345 309 5591
276,Adella McGahey,amcgahey7n@prnewswire.com,+380 262 512 2296
277,Lefty Deetch,ldeetch7o@php.net,+30 758 890 2500
278,Alexandros Cuttell,acuttell7p@berkeley.edu,+63 873 321 7402
279,Tierney Riddiough,triddiough7q@deliciousdays.com,+62 467 794 4106
280,Naoma Houndesome,nhoundesome7r@wp.com,+351 416 774 2146
281,Bertina Qusklay,bqusklay7s@vinaora.com,+1 376 274 2426
282,Ricard O'Neill,roneill7t@vinaora.com,+47 393 748 2055
283,Filia Pavolini,fpavolini7u@clickbank.net,+86 144 379 7207
284,Minor Mardling,mmardling7v@mozilla.com,+7 975 322 9475
285,Meryl Hylands,mhylands7w@scientificamerican.com,+7 944 905 7812
286,Agnesse Capstake,acapstake7x@moonfruit.com,+55 856 139 4385
287,Gabriel Yerill,gyerill7y@goo.ne.jp,+55 820 734 0615
288,Shalom Clipson,sclipson7z@ucoz.com,+55 235 893 2522
289,Calhoun McKelvey,cmckelvey80@lycos.com,+62 691 289 5332
290,Alisa Klulisek,aklulisek81@geocities.com,+63 244 137 6512
291,Leila Base,lbase82@theglobeandmail.com,+234 283 785 9376
292,Aggi Pendrid,apendrid83@bloglovin.com,+51 603 618 2111
293,Sayre Cottill,scottill84@hubpages.com,+262 856 826 5066
294,Dilan Teodori,dteodori85@uiuc.edu,+234 898 277 9487
295,Ashby Muttock,amuttock86@illinois.edu,+62 655 588 4832
296,Farlee Greenan,fgreenan87@pen.io,+358 688 663 3057
297,Hendrick Crolla,hcrolla88@imgur.com,+57 974 550 4246
298,Brew Semens,bsemens89@webeden.co.uk,+86 445 563 1207
299,Wilhelmina Zamora,wzamora8a@about.com,+267 668 794 8310
300,Starla Gaymer,sgaymer8b@joomla.org,+420 631 405 0174
301,Sharia Hebbs,shebbs8c@ifeng.com,+371 556 919 3585
302,Ruth Beecker,rbeecker8d@bloglines.com,+86 112 445 8630
303,Bernadina Walczynski,bwalczynski8e@reverbnation.com,+62 380 317 4110
304,Cathryn Jeafferson,cjeafferson8f@soundcloud.com,+62 186 787 3017
305,Bear Dyball,bdyball8g@samsung.com,+1 847 551 7360
306,Andris Deniseau,adeniseau8h@accuweather.com,+48 967 249 1615
307,Benjy Ellerbeck,bellerbeck8i@google.co.uk,+33 153 666 7926
308,Winnah Grubb,wgrubb8j@java.com,+52 397 502 7579
309,Clement Torrecilla,ctorrecilla8k@aol.com,+358 873 728 0736
310,Corny Cottie,ccottie8l@trellian.com,+55 213 198 7850
311,Stacee Gladden,sgladden8m@ftc.gov,+33 303 780 3821
312,Connor Paraman,cparaman8n@mapy.cz,+63 535 909 7921
313,Devonne Casetta,dcasetta8o@slashdot.org,+60 587 689 1752
314,Jo Blyden,jblyden8p@berkeley.edu,+62 110 949 4938
315,Ellyn Boick,eboick8q@sun.com,+86 613 282 7977
316,Gilberta Hensmans,ghensmans8r@alibaba.com,+33 145 154 4086
317,Shirl Poznanski,spoznanski8s@weibo.com,+30 192 285 8534
318,Catherina Joesbury,cjoesbury8t@networksolutions.com,+60 342 420 4287
319,Kissie Pudden,kpudden8u@yelp.com,+63 951 671 4382
320,Donelle Zimmerman,dzimmerman8v@bbb.org,+223 177 408 7333
321,Richie Lamburne,rlamburne8w@umn.edu,+63 390 379 1469
322,Billie Burbridge,bburbridge8x@prweb.com,+51 969 884 4583
323,Reidar McGrorty,rmcgrorty8y@auda.org.au,+374 886 728 4444
324,Ardene Ruslen,aruslen8z@cnn.com,+62 102 929 1928
325,Charmian Reina,creina90@flavors.me,+33 254 460 4573
326,Melitta Scattergood,mscattergood91@icq.com,+228 208 121 8005
327,Boris Kean,bkean92@tumblr.com,+62 517 809 0579
328,Kingsly Jaskowicz,kjaskowicz93@dot.gov,+46 439 215 2465
329,Marisa Belsey,mbelsey94@state.tx.us,+62 922 891 2044
330,Amabelle Gladbeck,agladbeck95@boston.com,+86 246 307 3566
331,Rheba Biner,rbiner96@baidu.com,+62 371 492 8345
332,Desdemona Morcom,dmorcom97@vk.com,+81 990 444 3530
333,Gaston Kelso,gkelso98@illinois.edu,+63 403 520 9837
334,Inna Barnby,ibarnby99@list-manage.com,+86 383 436 9309
335,Jaimie Duncanson,jduncanson9a@photobucket.com,+61 690 308 2756
336,Urban Di Bernardo,udi9b@a8.net,+48 151 400 7332
337,Quintilla Mottershaw,qmottershaw9c@linkedin.com,+48 892 272 3698
338,Dena MacIntyre,dmacintyre9d@parallels.com,+352 817 823 9419
339,Ernaline Beake,ebeake9e@oracle.com,+1 469 804 7876
340,Elisabetta Barke,ebarke9f@fema.gov,+389 659 429 4415
341,Larissa Charteris,lcharteris9g@php.net,+20 622 557 6811
342,Dulci Krinks,dkrinks9h@cnet.com,+47 534 792 5725
343,Tamar Joust,tjoust9i@netlog.com,+86 391 261 5503
344,Lucais Whiskin,lwhiskin9j@narod.ru,+692 302 529 6713
345,Carolina Jagiello,cjagiello9k@fastcompany.com,+261 113 695 1636
346,Rebekkah MacCostigan,rmaccostigan9l@ucsd.edu,+33 500 678 5727
347,Meaghan Rudman,mrudman9m@google.ca,+33 618 727 4351
348,Lynnette Byer,lbyer9n@w3.org,+86 930 754 9394
349,Nara Ossipenko,nossipenko9o@china.com.cn,+51 199 697 9363
350,Raul Rontsch,rrontsch9p@blog.com,+265 690 565 5518
351,Robinet Bemrose,rbemrose9q@lulu.com,+86 830 960 6895
352,Ford Haylett,fhaylett9r@sina.com.cn,+55 532 956 1804
353,Calley de Keyser,cde9s@google.cn,+55 771 914 7156
354,Eda Rey,erey9t@home.pl,+691 886 750 8506
355,Stephani Ingleston,singleston9u@myspace.com,+46 636 877 7891
356,Erin Cloney,ecloney9v@angelfire.com,+33 991 979 1828
357,Roddy Gorrie,rgorrie9w@twitter.com,+86 599 850 4314
358,Gerald Shirlaw,gshirlaw9x@ebay.com,+7 704 139 9922
359,Norean Klasing,nklasing9y@amazonaws.com,+216 270 890 0325
360,Dudley Wasylkiewicz,dwasylkiewicz9z@ustream.tv,+7 384 633 3062
361,Gloriane Scuse,gscusea0@desdev.cn,+1 801 528 5059
362,Gianni Tissiman,gtissimana1@oracle.com,+86 410 662 6344
363,Katine Ilyinykh,kilyinykha2@nhs.uk,+593 673 961 8447
364,Winnah Emes,wemesa3@wired.com,+509 942 276 2373
365,Freida Amori,famoria4@theguardian.com,+351 577 461 5415
366,Sheela Hastilow,shastilowa5@wikia.com,+62 850 266 9746
367,Drud Kubczak,dkubczaka6@bloglines.com,+351 975 142 4669
368,Melisandra Ades,madesa7@miitbeian.gov.cn,+86 304 110 8317
369,Raphael Balfe,rbalfea8@pinterest.com,+62 819 410 2041
370,Abra Swateridge,aswateridgea9@shutterfly.com,+52 272 864 1399
371,Margalit Kenefick,mkenefickaa@soundcloud.com,+966 709 551 4879
372,Essa Wingrove,ewingroveab@paginegialle.it,+66 903 852 4456
373,Bernhard Bordone,bbordoneac@stumbleupon.com,+58 694 787 2726
374,Kalina Spillman,kspillmanad@home.pl,+358 631 934 2273
375,Antonius Symonds,asymondsae@fotki.com,+86 274 920 8737
376,Lillian Ewington,lewingtonaf@live.com,+57 620 682 1202
377,Elia Petegrew,epetegrewag@myspace.com,+47 431 306 3890
378,Murry Eary,mearyah@a8.net,+86 767 616 4537
379,Patty Murr,pmurrai@senate.gov,+63 345 598 7383
380,Delora Revell,drevellaj@squarespace.com,+55 690 971 0256
381,Luciana Elvins,lelvinsak@sphinn.com,+49 525 578 7089
382,Giselle Berggren,gberggrenal@ca.gov,+228 856 826 0348
383,Margit Stollsteiner,mstollsteineram@rakuten.co.jp,+351 569 292 9600
384,Dredi Alliban,dallibanan@senate.gov,+86 779 974 0424
385,Brina Wetherick,bwetherickao@cloudflare.com,+389 603 616 8719
386,Debee Farndale,dfarndaleap@nih.gov,+86 458 884 2116
387,Melisandra Bowton,mbowtonaq@dropbox.com,+358 141 344 1494
388,Agnese Hurleston,ahurlestonar@symantec.com,+66 492 217 1899
389,Urbano Cartwright,ucartwrightas@dailymotion.com,+7 382 692 7165
390,Moishe Loynes,mloynesat@scribd.com,+380 804 394 6718
391,Alli Geany,ageanyau@patch.com,+63 255 112 2779
392,Cassie Barton,cbartonav@dell.com,+86 242 780 3970
393,Tod Lumbly,tlumblyaw@weather.com,+46 417 204 7284
394,Rodney Jakoubek,rjakoubekax@miitbeian.gov.cn,+48 870 288 5100
395,Grenville Blenkiron,gblenkironay@ezinearticles.com,+63 293 383 1408
396,Oliy Tillerton,otillertonaz@pagesperso-orange.fr,+86 680 855 0849
397,Maren Roset,mrosetb0@cafepress.com,+358 209 106 3982
398,Hewet Wigan,hwiganb1@auda.org.au,+670 922 437 0581
399,Booth Dudliston,bdudlistonb2@cdc.gov,+48 551 817 7004
400,Tibold Rhule,trhuleb3@blog.com,+48 588 752 6932
401,Robbie Glyde,rglydeb4@alexa.com,+1 412 783 9938
402,Ignazio Selwyn,iselwynb5@mail.ru,+62 299 449 8631
403,Gerrie Bembridge,gbembridgeb6@twitpic.com,+230 826 936 6953
404,Ramsey Riccard,rriccardb7@nyu.edu,+595 302 176 3326
405,Penni Card,pcardb8@bizjournals.com,+48 338 705 7207
406,Mikaela Retallack,mretallackb9@upenn.edu,+81 676 323 1042
407,Frederico Lenham,flenhamba@pcworld.com,+66 556 848 2501
408,Glenna Caudle,gcaudlebb@unc.edu,+57 586 117 8543
409,Paulie Kee,pkeebc@is.gd,+58 332 921 5415
410,Corry Walworche,cwalworchebd@mayoclinic.com,+62 629 543 4143
411,Leicester Chene,lchenebe@fema.gov,+593 408 137 6712
412,Betsy Dunsmuir,bdunsmuirbf@github.io,+1 615 458 8491
413,Cindi Cudiff,ccudiffbg@live.com,+54 937 873 2072
414,Fancie Lyst,flystbh@ycombinator.com,+7 105 450 8122
415,Kilian Edgson,kedgsonbi@xinhuanet.com,+356 738 687 1156
416,Donny Schulkins,dschulkinsbj@tripadvisor.com,+86 292 752 1935
417,Anton Ede,aedebk@foxnews.com,+7 398 764 2627
418,Alley Barras,abarrasbl@elegantthemes.com,+382 354 585 9818
419,Gerty Larter,glarterbm@fema.gov,+380 816 615 7099
420,Fitzgerald Brodway,fbrodwaybn@mapquest.com,+66 959 357 9918
421,Dolf Nice,dnicebo@timesonline.co.uk,+55 747 388 9871
422,Elijah Rathmell,erathmellbp@jiathis.com,+62 307 217 6400
423,Cathie Pairpoint,cpairpointbq@fastcompany.com,+48 907 493 1783
424,Tobiah Wheelband,twheelbandbr@edublogs.org,+86 837 150 6396
425,Allison Fackrell,afackrellbs@webnode.com,+7 293 691 6521
426,Roman Falcus,rfalcusbt@indiegogo.com,+86 275 376 4864
427,Con Gonoude,cgonoudebu@wikimedia.org,+62 163 474 9972
428,Brade Aneley,baneleybv@ebay.co.uk,+86 241 122 1576
429,Cad Tremmil,ctremmilbw@multiply.com,+62 147 201 4930
430,Terrence Playfoot,tplayfootbx@reverbnation.com,+57 344 702 3338
431,Gizela Dorrity,gdorrityby@prweb.com,+54 741 470 9379
432,Jolie Sayes,jsayesbz@yahoo.co.jp,+86 689 794 0927
433,Conan Bamber,cbamberc0@privacy.gov.au,+62 427 855 7692
434,Annadiana Estcourt,aestcourtc1@time.com,+86 440 334 8318
435,Orsola Urian,ourianc2@google.co.jp,+420 656 205 7280
436,Gilbertine Bossingham,gbossinghamc3@dyndns.org,+1 571 339 7827
437,Nady Rottgers,nrottgersc4@vkontakte.ru,+230 571 744 3637
438,Marissa Heinsius,mheinsiusc5@chronoengine.com,+52 952 387 3930
439,Renie Partkya,rpartkyac6@newsvine.com,+86 677 559 6122
440,Zorana Lamminam,zlamminamc7@jigsy.com,+1 747 260 1836
441,Gerick Tincombe,gtincombec8@shutterfly.com,+62 511 438 3551
442,Karla Salsbury,ksalsburyc9@tmall.com,+86 673 353 9290
443,Marve Spencley,mspencleyca@webs.com,+352 681 822 4693
444,Antonius Paffot,apaffotcb@walmart.com,+63 315 611 3959
445,Elia Eake,eeakecc@usatoday.com,+54 565 835 9211
446,Cornell Beal,cbealcd@kickstarter.com,+63 221 517 2256
447,Laural Ramelet,lrameletce@unesco.org,+46 527 825 2666
448,Rock Shatford,rshatfordcf@hhs.gov,+48 452 966 6753
449,Emma Brosi,ebrosicg@scribd.com,+86 284 514 7695
450,Felita Preuvost,fpreuvostch@ebay.co.uk,+1 130 745 0195
451,Nissa Westgate,nwestgateci@jigsy.com,+86 840 989 4238
452,Natasha Ewells,newellscj@merriam-webster.com,+506 198 708 2432
453,Davine McCluin,dmccluinck@sun.com,+86 884 762 2287
454,Kamila Chipperfield,kchipperfieldcl@guardian.co.uk,+234 869 411 4100
455,Thorvald Murfill,tmurfillcm@cloudflare.com,+374 298 593 1045
456,Abe Musicka,amusickacn@booking.com,+46 353 119 9751
457,Addie Bricket,abricketco@storify.com,+57 705 854 8953
458,Lucius Trusdale,ltrusdalecp@blogspot.com,+226 797 887 7308
459,Paige Wincom,pwincomcq@usgs.gov,+55 604 570 0153
460,Annadiana Climson,aclimsoncr@biglobe.ne.jp,+86 669 120 3806
461,Kathryn Doubrava,kdoubravacs@theglobeandmail.com,+86 567 302 9482
462,Brock Humbert,bhumbertct@dropbox.com,+234 863 833 6093
463,Gerrilee Cash,gcashcu@aol.com,+62 255 981 3078
464,Fallon Staig,fstaigcv@feedburner.com,+86 982 683 7238
465,Charita Phizackarley,cphizackarleycw@reference.com,+63 481 842 4892
466,Alexandro Bedberry,abedberrycx@sciencedirect.com,+55 372 603 5551
467,Pace Hanse,phansecy@amazonaws.com,+62 877 918 5841
468,Nani Ordelt,nordeltcz@ucoz.ru,+58 453 467 9629
469,Goldia Rawlence,grawlenced0@macromedia.com,+62 333 314 4842
470,Bartlet Chaize,bchaized1@mapquest.com,+86 974 812 8908
471,Neddy Kinner,nkinnerd2@yahoo.co.jp,+7 203 612 6365
472,Addy Oxer,aoxerd3@gov.uk,+63 973 507 1794
473,Fonz Gunstone,fgunstoned4@themeforest.net,+63 731 298 1760
474,Hughie Galvan,hgalvand5@epa.gov,+62 863 741 1127
475,Sidonnie Hazell,shazelld6@ihg.com,+51 883 202 7060
476,Chelsea Goodson,cgoodsond7@pcworld.com,+86 480 537 9835
477,Sisile O'Gormally,sogormallyd8@wired.com,+62 988 633 1828
478,Josi Fanshawe,jfanshawed9@opera.com,+353 123 502 9621
479,Ilse Saunper,isaunperda@cnet.com,+1 183 953 0084
480,Aubrette Hirthe,ahirthedb@woothemes.com,+351 775 788 3232
481,Rakel Davidescu,rdavidescudc@edublogs.org,+261 244 224 5511
482,Sergeant Wennington,swenningtondd@domainmarket.com,+82 491 711 2839
483,Bryana Barkhouse,bbarkhousede@istockphoto.com,+62 486 969 6161
484,Shayne Dineen,sdineendf@themeforest.net,+385 358 992 4940
485,Guenevere Kedward,gkedwarddg@theguardian.com,+27 386 259 2346
486,Marylee Eddicott,meddicottdh@china.com.cn,+33 506 555 0248
487,Hayden Surcombe,hsurcombedi@wsj.com,+62 625 994 3233
488,Dari Bewsy,dbewsydj@google.es,+375 716 708 6375
489,Eric Bigland,ebiglanddk@slashdot.org,+64 505 621 1869
490,Aimil Joy,ajoydl@woothemes.com,+30 429 531 2519
491,Abagael Parmer,aparmerdm@pinterest.com,+86 116 894 8904
492,Agata Kindley,akindleydn@bbb.org,+62 836 671 5510
493,Moe Bullivant,mbullivantdo@newsvine.com,+48 867 857 9606
494,Whitaker McFarland,wmcfarlanddp@creativecommons.org,+62 662 234 9940
495,Thomasa Sallows,tsallowsdq@utexas.edu,+86 783 554 0450
496,Aryn Dadley,adadleydr@issuu.com,+374 578 977 3847
497,Gelya Vaughten,gvaughtends@yolasite.com,+55 292 817 7850
498,Julianne Tynewell,jtynewelldt@wiley.com,+86 927 458 3425
499,Zandra Giacaponi,zgiacaponidu@furl.net,+62 305 176 9776
500,Richard Drivers,rdriversdv@cbsnews.com,+62 936 209 4086
501,Nikolai Watkins,nwatkinsdw@sina.com.cn,+60 115 951 7544
502,Clementina Loudyan,cloudyandx@ifeng.com,+351 359 309 8402
503,Freemon Julian,fjuliandy@boston.com,+86 227 507 1312
504,Benny Zorzin,bzorzindz@etsy.com,+351 149 572 0892
505,Morton Mayne,mmaynee0@house.gov,+976 112 357 1326
506,Lyn Venables,lvenablese1@amazonaws.com,+420 122 883 7476
507,Etan Blaasch,eblaasche2@vistaprint.com,+86 655 833 2225
508,Konrad Lanahan,klanahane3@nba.com,+1 863 992 4634
509,Melodee Berriman,mberrimane4@msn.com,+62 326 494 0881
510,Merle Zuenelli,mzuenellie5@prnewswire.com,+675 149 262 6731
511,Selestina Clemencon,sclemencone6@qq.com,+82 661 614 8760
512,Atlante Ponder,apondere7@gnu.org,+48 186 152 5218
513,Morissa Elnaugh,melnaughe8@tinypic.com,+57 275 866 4109
514,Deeanne Dobble,ddobblee9@xrea.com,+54 863 902 6652
515,Kris Feyer,kfeyerea@wiley.com,+33 548 827 1243
516,Kurt Coch,kcocheb@hhs.gov,+30 858 859 4761
517,Nicky Tapley,ntapleyec@bbc.co.uk,+86 349 684 1966
518,Olympia Del Castello,odeled@unicef.org,+66 193 470 2345
519,Bonnibelle Crossgrove,bcrossgroveee@thetimes.co.uk,+86 973 919 9424
520,Jeannine Cohani,jcohanief@zimbio.com,+351 679 346 0717
521,Tallou Torn,ttorneg@amazon.co.jp,+62 201 701 8999
522,Alexine Fibbens,afibbenseh@mtv.com,+256 949 609 1345
523,Ileana McCrum,imccrumei@google.com.hk,+62 341 246 6452
524,Donetta Pudge,dpudgeej@flickr.com,+86 622 451 2303
525,Thalia Birtwisle,tbirtwisleek@macromedia.com,+62 571 361 5901
526,Feodor Cano,fcanoel@ftc.gov,+62 232 394 0382
527,Claudette Frickey,cfrickeyem@privacy.gov.au,+380 950 227 8088
528,Ingemar Annets,iannetsen@ted.com,+46 470 118 4428
529,Kaylil Tibbotts,ktibbottseo@tripod.com,+55 612 181 7561
530,Winfield Nussgen,wnussgenep@who.int,+86 620 637 9100
531,Hildy Hinge,hhingeeq@goo.gl,+54 383 344 7450
532,Rem Ivakhno,rivakhnoer@state.gov,+62 923 127 8817
533,Zorana Cullinane,zcullinanees@sciencedirect.com,+351 628 321 2307
534,Sinclare Scheffel,sscheffelet@theatlantic.com,+86 803 167 0263
535,Aloisia Odhams,aodhamseu@skyrock.com,+45 476 377 7283
536,Ashla Uttridge,auttridgeev@dion.ne.jp,+92 260 961 1660
537,Clarette Lorking,clorkingew@nba.com,+216 875 421 4142
538,Dareen Duckwith,dduckwithex@godaddy.com,+62 602 783 1878
539,Genni Bradnum,gbradnumey@ustream.tv,+7 892 553 5860
540,Jamie Lilly,jlillyez@is.gd,+45 889 769 2542
541,Basil Fackrell,bfackrellf0@unesco.org,+48 552 434 5939
542,Ailbert Beetles,abeetlesf1@techcrunch.com,+62 103 714 7289
543,Clay Winslow,cwinslowf2@yellowpages.com,+62 242 336 2804
544,Candie Landrean,clandreanf3@1688.com,+212 358 423 6983
545,Cariotta Blune,cblunef4@theguardian.com,+54 214 993 5161
546,Sheila-kathryn Fitzmaurice,sfitzmauricef5@github.com,+212 242 561 4213
547,Ignatius Gress,igressf6@pcworld.com,+48 951 805 7854
548,Wandis Jandac,wjandacf7@opensource.org,+86 872 410 6867
549,Olly Pett,opettf8@house.gov,+86 798 489 4670
550,Thurston Giacobillo,tgiacobillof9@theguardian.com,+1 883 282 0568
551,Clevey Jearum,cjearumfa@dmoz.org,+86 685 904 9389
552,Craggy Beckey,cbeckeyfb@fda.gov,+51 340 910 3893
553,Elena Wilcox,ewilcoxfc@instagram.com,+86 162 263 4449
554,Rosene Bradnick,rbradnickfd@ftc.gov,+358 863 853 2938
555,Zaccaria Halbeard,zhalbeardfe@blogger.com,+31 337 290 1622
556,Carleton Monard,cmonardff@youtu.be,+62 526 451 8382
557,Trent Poulglais,tpoulglaisfg@acquirethisname.com,+62 265 192 9385
558,Corny Crang,ccrangfh@msu.edu,+254 402 260 4515
559,Gaylene Barkas,gbarkasfi@flavors.me,+7 941 142 7223
560,Christy Coushe,ccoushefj@shinystat.com,+86 251 319 6422
561,Stillmann Cleynaert,scleynaertfk@washingtonpost.com,+970 893 427 6703
562,Conni Barrass,cbarrassfl@cnet.com,+1 250 925 7564
563,Titus Labrom,tlabromfm@ebay.co.uk,+86 951 765 0734
564,Camile FitzGilbert,cfitzgilbertfn@artisteer.com,+33 784 965 5091
565,Barde Titterrell,btitterrellfo@archive.org,+234 342 251 7875
566,Drusilla Pelfer,dpelferfp@hao123.com,+420 378 648 2946
567,Ancell Overpool,aoverpoolfq@scribd.com,+1 726 498 6690
568,Yanaton Tour,ytourfr@bravesites.com,+48 995 596 5685
569,Kaleb Linn,klinnfs@buzzfeed.com,+33 129 328 7707
570,Edith Gunnell,egunnellft@dagondesign.com,+86 606 693 1054
571,Marcellus Caras,mcarasfu@apache.org,+387 475 134 5799
572,Cathyleen Baggelley,cbaggelleyfv@behance.net,+86 144 241 0822
573,Adolphus Bour,abourfw@fc2.com,+86 854 750 6890
574,Terry Keston,tkestonfx@xrea.com,+1 481 394 5548
575,Carny Lenchenko,clenchenkofy@webeden.co.uk,+62 856 679 3967
576,Samaria Oneill,soneillfz@gov.uk,+55 963 717 9397
577,Gard Mellmoth,gmellmothg0@jigsy.com,+86 249 702 5308
578,Heinrick Yegorev,hyegorevg1@myspace.com,+7 330 316 6111
579,Page Strognell,pstrognellg2@youtu.be,+886 301 199 1060
580,Marylinda Colleford,mcollefordg3@arstechnica.com,+7 448 211 8617
581,Sharline Heugel,sheugelg4@time.com,+381 869 726 0128
582,Corie Dineen,cdineeng5@google.ru,+225 618 743 8015
583,Bailie Hodcroft,bhodcroftg6@harvard.edu,+380 854 401 3124
584,Patrizio Grinnov,pgrinnovg7@weibo.com,+33 663 224 2660
585,Neala Darville,ndarvilleg8@disqus.com,+7 517 947 6225
586,Lynda Pendergrast,lpendergrastg9@sbwire.com,+371 167 114 6729
587,Tye Firebrace,tfirebracega@godaddy.com,+62 629 176 3215
588,Marius Poskitt,mposkittgb@youtu.be,+46 861 387 4864
589,Dorolisa Portress,dportressgc@surveymonkey.com,+236 251 221 9686
590,Brigida Jados,bjadosgd@buzzfeed.com,+86 515 517 4756
591,Rycca Branson,rbransonge@intel.com,+33 211 856 2352
592,Berke Habbes,bhabbesgf@flavors.me,+353 381 524 0230
593,Trixy O'Curran,tocurrangg@columbia.edu,+237 354 410 1259
594,Yevette MacDirmid,ymacdirmidgh@deviantart.com,+33 283 635 5884
595,Art Ferras,aferrasgi@drupal.org,+994 542 946 7360
596,Carr Beran,cberangj@nationalgeographic.com,+48 755 522 8120
597,Georges Beames,gbeamesgk@webnode.com,+86 325 184 1726
598,Kristoforo Alam,kalamgl@wikipedia.org,+234 908 891 0205
599,Hedvig Morland,hmorlandgm@t-online.de,+225 580 624 3211
600,Hadley O'Rourke,horourkegn@toplist.cz,+47 799 535 1963
601,Joy Dohmann,jdohmanngo@amazon.co.jp,+86 771 914 7919
602,Liane St Louis,lstgp@dmoz.org,+1 310 426 9380
603,Sumner Follett,sfollettgq@usda.gov,+86 103 853 0122
604,Rebecca O' Hanvey,rogr@cnn.com,+1 248 155 6145
605,Raymund Outridge,routridgegs@howstuffworks.com,+30 495 994 0892
606,Rianon Ellington,rellingtongt@forbes.com,+57 697 698 4918
607,Kittie Dane,kdanegu@fda.gov,+63 877 445 9643
608,Hieronymus Muino,hmuinogv@bandcamp.com,+46 770 259 6577
609,Hersch Youngs,hyoungsgw@eventbrite.com,+48 483 879 2840
610,Cherish Harsent,charsentgx@mayoclinic.com,+86 765 617 7515
611,Retha Tousey,rtouseygy@senate.gov,+48 643 200 7547
612,Toddie Sommerling,tsommerlinggz@businessinsider.com,+86 380 834 3744
613,Griz Mowbray,gmowbrayh0@4shared.com,+1 728 867 5315
614,Celle Guidoni,cguidonih1@slideshare.net,+86 591 651 4739
615,Marysa Ellgood,mellgoodh2@slate.com,+62 386 677 2808
616,Krisha Kupisz,kkupiszh3@skype.com,+7 764 994 0427
617,Rochell Wilby,rwilbyh4@ifeng.com,+232 369 853 5321
618,Myra Gheeorghie,mgheeorghieh5@si.edu,+63 181 746 3370
619,Eberto MacLardie,emaclardieh6@pbs.org,+62 834 654 4028
620,Kriste Moylan,kmoylanh7@springer.com,+593 790 624 7125
621,Daisie McLukie,dmclukieh8@china.com.cn,+62 341 684 3115
622,Deirdre Mintrim,dmintrimh9@spiegel.de,+269 289 587 7472
623,Mandel Brennand,mbrennandha@blogger.com,+66 375 177 0025
624,Lane Lieb,lliebhb@hubpages.com,+62 727 884 6747
625,Alvira Minchin,aminchinhc@spotify.com,+86 942 526 9341
626,Radcliffe Vlasenkov,rvlasenkovhd@guardian.co.uk,+63 623 993 3777
627,Fax Danser,fdanserhe@t.co,+351 916 687 1907
628,Sumner Eastmond,seastmondhf@istockphoto.com,+86 907 159 1251
629,Ade Bonaire,abonairehg@china.com.cn,+55 977 145 5321
630,Wilie Hindes,whindeshh@hhs.gov,+86 621 456 0897
631,Linnell Kryska,lkryskahi@ftc.gov,+48 843 592 3657
632,Timofei Hardwidge,thardwidgehj@purevolume.com,+48 475 598 3662
633,Lorelle Kristiansen,lkristiansenhk@google.com,+62 603 943 3830
634,Lenette McIndoe,lmcindoehl@blogspot.com,+48 597 763 3206
635,Cristabel O'Kerin,cokerinhm@spiegel.de,+972 683 257 7917
636,Shaun Duffree,sduffreehn@about.com,+63 866 473 1855
637,Bianka Perrott,bperrottho@theglobeandmail.com,+86 909 210 7116
638,Pall Barsby,pbarsbyhp@samsung.com,+34 628 349 8518
639,Daniel Whittington,dwhittingtonhq@hhs.gov,+242 765 738 4171
640,Galina Gresswood,ggresswoodhr@flickr.com,+45 895 166 1590
641,Stern Alves,salveshs@umn.edu,+86 577 906 6124
642,Hope Jirka,hjirkaht@bing.com,+82 370 550 5443
643,Eulalie Astlett,eastletthu@wp.com,+62 763 241 9170
644,Egbert Foote,efootehv@reference.com,+27 229 557 2105
645,Rockie Matzke,rmatzkehw@psu.edu,+420 267 212 2613
646,Ailis Lewsey,alewseyhx@clickbank.net,+86 991 369 2357
647,Pietra Robbs,probbshy@ed.gov,+254 272 912 1650
648,Parrnell Matantsev,pmatantsevhz@columbia.edu,+1 202 211 3371
649,Candice Bousler,cbousleri0@simplemachines.org,+62 203 795 0185
650,Ferdinanda Stratley,fstratleyi1@prlog.org,+86 338 930 4455
651,Felicia Southcombe,fsouthcombei2@ow.ly,+51 704 604 8319
652,Millicent Debney,mdebneyi3@jimdo.com,+351 672 330 4704
653,Mirelle Clint,mclinti4@yandex.ru,+963 671 658 2547
654,Abby Bryer,abryeri5@spotify.com,+27 763 781 9578
655,Joella Sapey,jsapeyi6@theglobeandmail.com,+420 461 710 9600
656,Taite Drinkhall,tdrinkhalli7@wikimedia.org,+62 586 206 7233
657,Leigh Glasner,lglasneri8@mozilla.org,+98 644 710 9357
658,Horace Alsford,halsfordi9@hhs.gov,+967 326 184 6035
659,Kirby Vurley,kvurleyia@angelfire.com,+31 593 417 5407
660,Iseabal Pentlow,ipentlowib@bloomberg.com,+48 316 622 1075
661,Lil Spellicy,lspellicyic@illinois.edu,+55 551 387 4189
662,Iolande Moulster,imoulsterid@hao123.com,+62 728 334 8638
663,Elmer Gilfoyle,egilfoyleie@google.ca,+48 770 974 1728
664,Kare Manifield,kmanifieldif@behance.net,+386 215 315 0275
665,Barnabe Fautly,bfautlyig@constantcontact.com,+33 228 298 2269
666,Gipsy Piggrem,gpiggremih@home.pl,+58 966 210 7808
667,Reinwald Bagnell,rbagnellii@engadget.com,+48 799 823 2767
668,Giana Kitchaside,gkitchasideij@over-blog.com,+972 514 357 1782
669,Odelia Roslen,oroslenik@wired.com,+86 893 261 8588
670,Shena Gallichan,sgallichanil@spiegel.de,+63 546 374 4512
671,Myer Trahear,mtrahearim@paginegialle.it,+420 579 943 6540
672,Jenica Wartonby,jwartonbyin@redcross.org,+1 572 459 6183
673,Katha Antao,kantaoio@china.com.cn,+850 263 314 2696
674,Rachael Dur,rdurip@networkadvertising.org,+503 693 785 3232
675,Laryssa Slucock,lslucockiq@youtu.be,+98 269 961 9816
676,Melody Goodered,mgooderedir@samsung.com,+375 569 316 7553
677,Maurizio Lowing,mlowingis@mozilla.com,+81 417 109 7831
678,Susann Egdal,segdalit@businessweek.com,+47 735 866 2831
679,Kurt Norvel,knorveliu@sciencedirect.com,+57 157 533 2949
680,Lowell Smitherman,lsmithermaniv@plala.or.jp,+225 100 306 8067
681,Kasper Pandie,kpandieiw@squarespace.com,+55 954 414 7769
682,Rolph Gransden,rgransdenix@usa.gov,+84 214 654 5152
683,August Screwton,ascrewtoniy@hhs.gov,+66 779 954 0589
684,Katinka Kullmann,kkullmanniz@last.fm,+51 836 118 6245
685,Becka MacPhee,bmacpheej0@nymag.com,+64 726 705 6072
686,Abigael Oxe,aoxej1@mayoclinic.com,+55 192 221 3258
687,Urban Klemenz,uklemenzj2@360.cn,+7 960 471 9620
688,Lynne Demange,ldemangej3@nationalgeographic.com,+33 778 277 3398
689,Kennett Surgood,ksurgoodj4@senate.gov,+66 180 120 1008
690,Sheridan Della Scala,sdellaj5@chicagotribune.com,+232 613 411 0430
691,Adrianne Count,acountj6@va.gov,+46 950 247 0222
692,Fidel Hawkings,fhawkingsj7@utexas.edu,+385 530 528 6480
693,Rebe Julyan,rjulyanj8@unblog.fr,+81 192 190 3422
694,Alasteir Ayliffe,aayliffej9@artisteer.com,+380 925 656 1888
695,Evy Bellini,ebellinija@miitbeian.gov.cn,+49 502 280 7605
696,Rollin Deane,rdeanejb@time.com,+30 356 217 6298
697,Yulma Ormerod,yormerodjc@ftc.gov,+33 214 528 1761
698,Aila Oboy,aoboyjd@addtoany.com,+62 785 132 2594
699,Grace De Beauchamp,gdeje@cafepress.com,+506 968 808 7651
700,Selma Borrott,sborrottjf@reuters.com,+237 445 117 6664
701,Eimile O'Feeny,eofeenyjg@1688.com,+54 741 156 9127
702,Hamlin Willoughey,hwillougheyjh@tuttocitta.it,+222 260 446 9699
703,Elwira Oxton,eoxtonji@chicagotribune.com,+995 893 160 1516
704,Dre Gleed,dgleedjj@alibaba.com,+62 946 727 6609
705,Justus Johananoff,jjohananoffjk@drupal.org,+62 201 786 1906
706,Dory Dineges,ddinegesjl@arstechnica.com,+86 334 260 3900
707,Angie Pelling,apellingjm@ebay.co.uk,+351 232 921 9962
708,Dawn Nuccitelli,dnuccitellijn@mysql.com,+62 335 428 1840
709,Jeramie Steinor,jsteinorjo@bluehost.com,+7 673 851 9055
710,Julianne Labat,jlabatjp@webs.com,+351 159 436 8355
711,Hart Broome,hbroomejq@behance.net,+86 596 962 8675
712,Caitlin Wimlett,cwimlettjr@nifty.com,+62 979 127 2993
713,Jerrold Matys,jmatysjs@com.com,+56 866 285 6021
714,Alaine Mantripp,amantrippjt@shop-pro.jp,+389 910 812 3513
715,Lonni Pengelly,lpengellyju@instagram.com,+46 757 206 4324
716,Kimmi Spinozzi,kspinozzijv@ow.ly,+33 502 979 7123
717,Grange McGeffen,gmcgeffenjw@bloglines.com,+1 205 703 4122
718,Horatia Rickman,hrickmanjx@businessweek.com,+86 879 851 2232
719,Lettie Rait,lraitjy@webmd.com,+55 900 712 1012
720,Elysha Charville,echarvillejz@trellian.com,+7 747 437 1041
721,Stephana Behn,sbehnk0@hao123.com,+86 786 156 1124
722,Cale Baumber,cbaumberk1@indiatimes.com,+226 646 496 1656
723,Paolina Pardew,ppardewk2@goo.ne.jp,+267 154 279 3766
724,Myca Brotherwood,mbrotherwoodk3@hatena.ne.jp,+58 332 613 6316
725,Jannel Grigoire,jgrigoirek4@discovery.com,+62 416 205 1115
726,Clerissa Torricella,ctorricellak5@pinterest.com,+63 698 141 8684
727,Teresa Scrowby,tscrowbyk6@google.nl,+267 143 986 2511
728,Marianne Whittet,mwhittetk7@bloomberg.com,+55 653 456 7289
729,Tatiana Hincks,thincksk8@cdc.gov,+33 970 646 1879
730,Millard Maydway,mmaydwayk9@ameblo.jp,+57 536 179 1432
731,Kahlil Castiglio,kcastiglioka@biglobe.ne.jp,+55 871 925 5658
732,Deonne Gabbett,dgabbettkb@apple.com,+62 431 988 7759
733,Arny Dauber,adauberkc@cpanel.net,+86 692 353 2680
734,Bobby Kreber,bkreberkd@patch.com,+63 700 806 3788
735,Flo Behning,fbehningke@hao123.com,+351 504 501 9563
736,Isadora Ragless,iraglesskf@hp.com,+81 692 525 7092
737,Mahala Gouldsmith,mgouldsmithkg@surveymonkey.com,+27 434 629 3997
738,Bentlee Cammoile,bcammoilekh@uiuc.edu,+965 876 945 2519
739,Yetty Christauffour,ychristauffourki@paypal.com,+86 588 856 5889
740,Britta Copping,bcoppingkj@mtv.com,+55 280 480 4733
741,Audi McClinton,amcclintonkk@intel.com,+385 879 770 5251
742,Lou Rhodus,lrhoduskl@nifty.com,+31 244 485 4391
743,Charlie Wilsdon,cwilsdonkm@sun.com,+1 650 491 7425
744,Raimund Stigers,rstigerskn@qq.com,+62 727 252 9175
745,Minnnie Rennenbach,mrennenbachko@theglobeandmail.com,+351 979 512 6523
746,Abbie Hedgeman,ahedgemankp@cnbc.com,+46 752 168 2868
747,Nicola Purdie,npurdiekq@spiegel.de,+62 400 920 8584
748,Padgett Bundock,pbundockkr@so-net.ne.jp,+86 593 216 6373
749,Ash Nulty,anultyks@prlog.org,+31 675 805 3139
750,Munroe Cummine,mcumminekt@addthis.com,+48 899 313 4883
751,Enid Scahill,escahillku@about.me,+62 599 519 7373
752,Cthrine Suggett,csuggettkv@macromedia.com,+62 998 444 3865
753,Gun Menendes,gmenendeskw@ft.com,+55 563 237 1839
754,Dick Drakes,ddrakeskx@imgur.com,+56 245 340 4841
755,Ambrosi Entwhistle,aentwhistleky@ucla.edu,+63 774 271 0313
756,Russell Doorbar,rdoorbarkz@biglobe.ne.jp,+86 505 669 4171
757,Hagen Van der Veldt,hvanl0@twitpic.com,+86 559 866 2044
758,Alexi Darree,adarreel1@last.fm,+51 188 664 0034
759,Harris Jendricke,hjendrickel2@latimes.com,+48 716 596 7845
760,Orion Kerfut,okerfutl3@g.co,+84 892 306 8827
761,Raynell Wilby,rwilbyl4@usda.gov,+31 697 340 3220
762,Maxine Blasgen,mblasgenl5@army.mil,+381 775 176 7627
763,Mauricio McCarney,mmccarneyl6@edublogs.org,+63 263 845 3236
764,Thornie Yglesia,tyglesial7@accuweather.com,+358 946 113 2744
765,Cahra Grassick,cgrassickl8@youtu.be,+385 673 404 6848
766,Roxanne Wincott,rwincottl9@t.co,+359 448 892 7233
767,Deni Birchall,dbirchallla@simplemachines.org,+55 247 477 6476
768,Alex Deeth,adeethlb@weibo.com,+86 935 868 1327
769,Grover Callaway,gcallawaylc@joomla.org,+33 546 120 3370
770,Lottie MacGahey,lmacgaheyld@jimdo.com,+46 807 407 3100
771,Fonz Geldert,fgeldertle@cdc.gov,+351 401 956 1378
772,Tony Doick,tdoicklf@sciencedaily.com,+233 589 187 8137
773,Mill Sebborn,msebbornlg@opensource.org,+995 228 317 9281
774,Ludwig Curbishley,lcurbishleylh@behance.net,+1 899 515 2228
775,Carroll Blyth,cblythli@skype.com,+269 608 716 6198
776,Kippie Ralston,kralstonlj@princeton.edu,+62 974 177 9999
777,Phillis Styan,pstyanlk@census.gov,+30 183 806 4331
778,Zia Lackemann,zlackemannll@bigcartel.com,+86 236 420 2033
779,Vivienne Prestedge,vprestedgelm@ucoz.com,+1 269 989 0964
780,Allard Jeckell,ajeckellln@bloglovin.com,+57 479 584 6428
781,Una Hovell,uhovelllo@skyrock.com,+46 785 861 5513
782,Honor Khilkov,hkhilkovlp@creativecommons.org,+62 587 325 5299
783,Murdock Duguid,mduguidlq@prnewswire.com,+62 128 984 4953
784,Chickie Boow,cboowlr@pcworld.com,+66 534 711 7611
785,Brandtr Doppler,bdopplerls@fotki.com,+86 896 917 5312
786,Sidoney Arney,sarneylt@spiegel.de,+62 295 481 2172
787,Carina Wyleman,cwylemanlu@rediff.com,+62 793 550 2500
788,Brande Guyonneau,bguyonneaulv@cnet.com,+52 984 359 5862
789,Tonie Sawden,tsawdenlw@hatena.ne.jp,+49 752 882 8287
790,Rutger Kettley,rkettleylx@dailymotion.com,+63 592 720 2293
791,Wittie Lent,wlently@imageshack.us,+86 253 175 8148
792,Justino Hollyar,jhollyarlz@apple.com,+261 250 596 3891
793,Northrup Davall,ndavallm0@msu.edu,+502 889 561 0670
794,Sherlocke Merryweather,smerryweatherm1@ustream.tv,+7 163 355 3514
795,Constantine Walters,cwaltersm2@vinaora.com,+48 436 647 7115
796,Patricia Gillon,pgillonm3@businesswire.com,+351 341 489 8714
797,Dorolisa Bengefield,dbengefieldm4@artisteer.com,+62 425 352 4612
798,Merridie Petett,mpetettm5@gnu.org,+996 592 248 9925
799,Tibold Reitenbach,treitenbachm6@google.com.br,+63 497 634 9199
800,Philomena Halgarth,phalgarthm7@huffingtonpost.com,+7 702 323 4536
801,Marcella Bartczak,mbartczakm8@java.com,+234 348 948 7062
802,Wilbur Botterell,wbotterellm9@wix.com,+86 479 357 3138
803,Kassandra Dell'Abbate,kdellabbatema@edublogs.org,+63 489 926 7331
804,Mano Dislee,mdisleemb@google.co.jp,+55 116 493 9685
805,Art Doag,adoagmc@cbslocal.com,+86 209 409 3591
806,Caresa Cabell,ccabellmd@sohu.com,+58 823 681 0810
807,Derby Haville,dhavilleme@google.pl,+62 810 895 6457
808,Fiann Cosford,fcosfordmf@jigsy.com,+62 900 407 9280
809,Chris Danielsen,cdanielsenmg@com.com,+351 122 461 4874
810,Cris Cockran,ccockranmh@icq.com,+234 482 337 8723
811,Kenyon Tookill,ktookillmi@pagesperso-orange.fr,+62 672 149 6598
812,Ancell Riddington,ariddingtonmj@craigslist.org,+62 255 697 2403
813,Mikel Liggens,mliggensmk@cbc.ca,+86 611 795 9812
814,Dennet Dalrymple,ddalrympleml@360.cn,+255 600 715 9174
815,Westbrooke Curm,wcurmmm@phpbb.com,+34 259 222 8612
816,Concordia Altamirano,caltamiranomn@squarespace.com,+7 838 354 0617
817,Pauly Pesek,ppesekmo@state.gov,+7 785 543 0193
818,Alfy Leming,alemingmp@umich.edu,+55 852 639 4250
819,Dot Sumsion,dsumsionmq@shop-pro.jp,+420 986 101 2561
820,Celisse Nisuis,cnisuismr@unesco.org,+63 301 896 2150
821,Brannon Showt,bshowtms@dropbox.com,+963 969 728 3081
822,Muffin Seabon,mseabonmt@51.la,+420 216 236 2362
823,Christi Brackenridge,cbrackenridgemu@acquirethisname.com,+992 612 608 9193
824,Alison Hambrook,ahambrookmv@sakura.ne.jp,+86 755 975 3205
825,Vasilis Scougall,vscougallmw@storify.com,+31 125 700 0937
826,Timi Burfoot,tburfootmx@umich.edu,+234 315 974 6322
827,Becca Hegarty,bhegartymy@tripadvisor.com,+351 563 700 0277
828,Haslett Cawthera,hcawtheramz@xrea.com,+57 317 279 3483
829,Cyb Macquire,cmacquiren0@nyu.edu,+52 158 145 2426
830,Israel Crux,icruxn1@comsenz.com,+63 794 523 1466
831,Ringo Firebrace,rfirebracen2@cnbc.com,+86 608 545 0718
832,Krystal Dowsing,kdowsingn3@state.tx.us,+63 433 969 7136
833,Rochette Latus,rlatusn4@photobucket.com,+255 699 816 1630
834,Sibella Battye,sbattyen5@irs.gov,+86 935 312 6434
835,Godart Gaenor,ggaenorn6@shutterfly.com,+27 747 121 5833
836,Ardis Woodwin,awoodwinn7@51.la,+226 872 668 9438
837,Anthe O' Loughran,aon8@yelp.com,+84 388 365 1734
838,Hobart Prickett,hprickettn9@tuttocitta.it,+57 254 998 8651
839,Jessika Crossby,jcrossbyna@gmpg.org,+66 201 777 8209
840,Brian Cardiff,bcardiffnb@xinhuanet.com,+291 502 951 1623
841,Wilfred Cake,wcakenc@ftc.gov,+420 622 401 1597
842,Tamera Redmore,tredmorend@bloomberg.com,+52 432 625 9247
843,Franni Thoumas,fthoumasne@yahoo.co.jp,+86 990 898 9713
844,Tasia Abethell,tabethellnf@intel.com,+7 951 228 7624
845,Randolf Tearle,rtearleng@flavors.me,+86 367 646 5982
846,Corette Delve,cdelvenh@liveinternet.ru,+251 661 409 5411
847,Thurstan Pollard,tpollardni@bing.com,+86 924 545 5036
848,Wallache Bedson,wbedsonnj@histats.com,+63 281 770 6058
849,Suzie Skaife,sskaifenk@4shared.com,+86 405 472 7513
850,Darby Petrosian,dpetrosiannl@slate.com,+48 521 337 7277
851,Chickie Di Carli,cdinm@wired.com,+86 396 377 3890
852,Moselle Waycott,mwaycottnn@plala.or.jp,+963 449 973 8244
853,Elenore Stollenwerck,estollenwerckno@naver.com,+62 409 620 9724
854,Morna Stripling,mstriplingnp@cocolog-nifty.com,+7 497 776 1315
855,Alysia Tebbutt,atebbuttnq@oaic.gov.au,+1 619 233 8043
856,Alden Hingeley,ahingeleynr@exblog.jp,+44 509 528 3057
857,Roi Benzi,rbenzins@bravesites.com,+86 614 694 2667
858,Rollins Cochern,rcochernnt@nytimes.com,+86 557 922 7571
859,Ray Shower,rshowernu@intel.com,+66 763 573 4121
860,Bradford Kettlestringe,bkettlestringenv@cbsnews.com,+1 651 360 3933
861,Arabella Pilgram,apilgramnw@istockphoto.com,+86 112 420 6193
862,Claiborne Brabbins,cbrabbinsnx@epa.gov,+7 552 205 6333
863,Belia Hablet,bhabletny@bluehost.com,+372 773 819 0274
864,Claudius Antonellini,cantonellininz@furl.net,+86 413 866 6443
865,Wally Vickar,wvickaro0@baidu.com,+92 535 604 9130
866,Marty Stranahan,mstranahano1@e-recht24.de,+212 536 938 3509
867,Vito Probbings,vprobbingso2@slashdot.org,+86 531 803 8187
868,Adriana Ganning,aganningo3@dailymail.co.uk,+351 460 731 2894
869,Roshelle Maro,rmaroo4@topsy.com,+86 157 293 1568
870,Lanna Vause,lvauseo5@hexun.com,+86 308 510 5814
871,Tatum Scatchard,tscatchardo6@yellowbook.com,+856 289 815 1063
872,Logan Lamke,llamkeo7@narod.ru,+62 943 953 4665
873,Antonella Gilfoy,agilfoyo8@marriott.com,+86 709 705 8260
874,Klarika Gontier,kgontiero9@g.co,+33 113 779 9099
875,Shellie Hanrahan,shanrahanoa@army.mil,+226 988 979 7250
876,Elizabeth Mark,emarkob@chronoengine.com,+86 581 869 6501
877,Hersh Harg,hhargoc@deliciousdays.com,+1 530 882 8682
878,Jacquelynn Bloan,jbloanod@slashdot.org,+420 548 767 7973
879,Fremont Borchardt,fborchardtoe@ocn.ne.jp,+51 419 799 4097
880,Brita Aupol,baupolof@google.ru,+420 500 461 7302
881,Barr Brosi,bbrosiog@tinypic.com,+48 694 859 9613
882,Patrizia Lammas,plammasoh@google.cn,+7 518 989 8072
883,Michele Wilkes,mwilkesoi@japanpost.jp,+63 534 178 3539
884,Miranda Matyugin,mmatyuginoj@netscape.com,+962 778 217 5401
885,Valeda Iseton,visetonok@fda.gov,+962 414 420 1223
886,Edd Volker,evolkerol@adobe.com,+48 665 334 4158
887,Wren Abramovicz,wabramoviczom@arstechnica.com,+251 812 214 3972
888,Jeni Eminson,jeminsonon@tripod.com,+62 180 940 7215
889,Dov Armatage,darmatageoo@samsung.com,+46 237 511 0082
890,Amalee Sutherley,asutherleyop@xing.com,+49 665 645 4259
891,Ruben Obbard,robbardoq@abc.net.au,+48 775 816 0450
892,Deanne Uc,ducor@last.fm,+48 201 356 8192
893,Devondra Dumbreck,ddumbreckos@ovh.net,+86 905 449 1603
894,Chelsea Elix,celixot@google.co.uk,+62 140 753 8238
895,Collete Piggens,cpiggensou@skyrock.com,+7 500 790 1098
896,Emmeline Goldfinch,egoldfinchov@google.co.uk,+86 331 299 4081
897,Amelie Beardwood,abeardwoodow@ebay.co.uk,+62 724 935 0202
898,Tildy Hadaway,thadawayox@imdb.com,+7 759 761 8441
899,Elisabeth Bricksey,ebrickseyoy@nydailynews.com,+359 676 152 6460
900,Rufus Shane,rshaneoz@cmu.edu,+66 364 748 7393
901,Austin Ashborne,aashbornep0@cargocollective.com,+86 263 116 8768
902,Editha Copes,ecopesp1@cafepress.com,+1 234 246 6209
903,Gaelan Catenot,gcatenotp2@dyndns.org,+98 253 654 2441
904,Reg McGucken,rmcguckenp3@npr.org,+62 921 272 4262
905,Sharla McGiffin,smcgiffinp4@blogs.com,+380 256 766 2344
906,Hannie Simeoli,hsimeolip5@hibu.com,+963 431 604 1215
907,Phebe Corston,pcorstonp6@gmpg.org,+226 439 139 5618
908,Annabell Brownrigg,abrownriggp7@abc.net.au,+86 183 143 2171
909,Gizela Kepling,gkeplingp8@intel.com,+7 594 382 6081
910,Gerta Hing,ghingp9@census.gov,+33 274 338 5087
911,Cord Sculley,csculleypa@state.gov,+49 789 544 7761
912,Milly Stonier,mstonierpb@tinyurl.com,+86 257 245 3250
913,Cris Mouncey,cmounceypc@dion.ne.jp,+351 779 948 9964
914,Giacobo Tendahl,gtendahlpd@auda.org.au,+234 113 442 3276
915,Micki Alessandone,malessandonepe@blogspot.com,+86 286 922 8240
916,Christoffer Vanini,cvaninipf@pbs.org,+62 975 949 7402
917,Rey Vasey,rvaseypg@github.io,+81 918 536 0114
918,Wilmette Morris,wmorrisph@senate.gov,+84 495 273 1212
919,Candra Elverstone,celverstonepi@oracle.com,+1 909 974 9411
920,Bridie Roffe,broffepj@rakuten.co.jp,+48 699 939 5988
921,Jeanna Ianiello,jianiellopk@theatlantic.com,+57 952 917 7085
922,Mildrid Ledram,mledrampl@stanford.edu,+63 312 157 1519
923,Staci Hindenburg,shindenburgpm@toplist.cz,+62 529 855 9086
924,Jocko Kirkness,jkirknesspn@1688.com,+241 300 433 1972
925,Albrecht Bartle,abartlepo@shop-pro.jp,+56 807 715 7488
926,Aubrette Tomik,atomikpp@ning.com,+380 303 943 4192
927,Curt Wawer,cwawerpq@nsw.gov.au,+46 498 173 6115
928,Maxi MacTague,mmactaguepr@washington.edu,+48 953 169 2187
929,Ashly Warmisham,awarmishamps@usnews.com,+48 955 834 2217
930,Herminia Friedenbach,hfriedenbachpt@purevolume.com,+351 838 998 3024
931,Ives Coddrington,icoddringtonpu@51.la,+62 463 524 6510
932,Buckie Fountaine,bfountainepv@time.com,+380 109 573 2203
933,Cammie Saunper,csaunperpw@wunderground.com,+420 423 452 8306
934,Clywd Bythway,cbythwaypx@upenn.edu,+269 951 440 7085
935,Flin Brunsden,fbrunsdenpy@lulu.com,+383 487 447 7876
936,Caritta Fermin,cferminpz@angelfire.com,+86 207 799 8616
937,Marita Moth,mmothq0@yahoo.com,+86 580 322 4177
938,Reeba Gorman,rgormanq1@biblegateway.com,+62 703 820 8835
939,Olympie Gallichiccio,ogallichiccioq2@google.cn,+380 695 131 8698
940,Dacia Cramphorn,dcramphornq3@ask.com,+86 540 216 9873
941,Erwin Oldaker,eoldakerq4@flavors.me,+60 732 116 2157
942,Brigg Scudamore,bscudamoreq5@addtoany.com,+62 329 563 2750
943,Kathlin Napton,knaptonq6@fda.gov,+86 255 138 4653
944,Addie Van Der Straaten,avanq7@newyorker.com,+62 776 250 9690
945,Alphonse Febre,afebreq8@delicious.com,+46 453 603 8134
946,Flo Hawlgarth,fhawlgarthq9@dagondesign.com,+84 915 986 6142
947,Joycelin Mell,jmellqa@vkontakte.ru,+52 356 721 6472
948,Clementina Harnes,charnesqb@independent.co.uk,+504 857 551 8940
949,Sheri Hanse,shanseqc@newyorker.com,+353 442 575 3163
950,Abeu Vsanelli,avsanelliqd@europa.eu,+58 227 730 6556
951,Jeramie Lemmanbie,jlemmanbieqe@addthis.com,+54 807 817 9217
952,Kaitlin Westrope,kwestropeqf@microsoft.com,+54 696 368 5163
953,Fred Greenham,fgreenhamqg@yandex.ru,+66 771 683 8736
954,Reggis Dreossi,rdreossiqh@pinterest.com,+7 643 343 6920
955,Gunther Glaze,gglazeqi@foxnews.com,+51 668 831 0412
956,Raynell Abeles,rabelesqj@over-blog.com,+62 784 386 4955
957,Anna-diane Devlin,adevlinqk@wisc.edu,+93 743 150 8590
958,Osbourne Baud,obaudql@ucoz.ru,+351 735 692 8719
959,Beale Mycroft,bmycroftqm@github.com,+235 961 806 4476
960,Suzette Lemanu,slemanuqn@gmpg.org,+1 542 990 4567
961,Celeste Drewett,cdrewettqo@microsoft.com,+86 594 309 7183
962,Clair Berendsen,cberendsenqp@newsvine.com,+505 591 489 2684
963,Nonna Whitehorne,nwhitehorneqq@cpanel.net,+31 324 202 2304
964,Carrissa Bramsom,cbramsomqr@google.nl,+62 709 572 8663
965,Yoshiko Greenhaugh,ygreenhaughqs@facebook.com,+7 873 701 6079
966,Enriqueta Sandwith,esandwithqt@zimbio.com,+595 927 919 5183
967,Stanislas Bezants,sbezantsqu@smh.com.au,+253 742 343 9142
968,Bridgette Oblein,bobleinqv@360.cn,+63 649 547 2411
969,Edlin Winnard,ewinnardqw@liveinternet.ru,+374 735 517 8561
970,La verne Bleeze,lverneqx@addtoany.com,+39 214 614 9764
971,Carlyn Spawell,cspawellqy@de.vu,+234 754 291 8760
972,Vinny Lancett,vlancettqz@go.com,+95 892 151 5199
973,Eran Calcutt,ecalcuttr0@howstuffworks.com,+46 882 711 0179
974,Kaylil Ollivierre,kollivierrer1@state.tx.us,+62 248 587 7636
975,Bea Nice,bnicer2@aboutads.info,+7 487 215 7892
976,Wilt Breffit,wbreffitr3@gizmodo.com,+1 671 283 8051
977,Borg Lummasana,blummasanar4@cocolog-nifty.com,+66 560 627 1204
978,Bevvy Vedenisov,bvedenisovr5@istockphoto.com,+381 369 126 1084
979,Damian Sotheby,dsothebyr6@nps.gov,+86 229 832 2499
980,Onida Phalp,ophalpr7@senate.gov,+57 552 811 3648
981,Myrah Tarzey,mtarzeyr8@go.com,+86 468 680 5358
982,Kaine Leeder,kleederr9@go.com,+54 120 843 5124
983,Conrad Weond,cweondra@unicef.org,+7 901 329 1341
984,Sibley Sidey,ssideyrb@hp.com,+63 660 858 0357
985,Mac Bascomb,mbascombrc@printfriendly.com,+255 259 961 6111
986,Wye Balogh,wbaloghrd@wikispaces.com,+1 106 242 0976
987,Seamus Luty,slutyre@blinklist.com,+55 449 359 9991
988,Yuma Joskowitz,yjoskowitzrf@squidoo.com,+86 855 120 2385
989,Devinne Spinage,dspinagerg@free.fr,+30 344 566 3013
990,Alejoa Lewendon,alewendonrh@blogs.com,+62 728 962 3148
991,Lezlie Newlands,lnewlandsri@jiathis.com,+1 949 534 1456
992,Flory Oxtarby,foxtarbyrj@myspace.com,+86 222 563 4010
993,Sherilyn Barsham,sbarshamrk@gnu.org,+51 438 955 9118
994,Sheena Trighton,strightonrl@who.int,+86 173 563 1929
995,Nonie Webborn,nwebbornrm@xing.com,+86 178 893 3576
996,Gothart Roland,grolandrn@macromedia.com,+389 528 412 2063
997,Sharline Tumielli,stumielliro@aboutads.info,+212 607 190 2140
998,Reggie Moffet,rmoffetrp@naver.com,+971 562 379 7409
999,Rabi Fielding,rfieldingrq@japanpost.jp,+63 486 879 1938
1000,Nady Mounch,nmounchrr@alibaba.com,+252 959 928 4154
